region,tile_id,object_name,https_url,s3_uri,filename,west,south,east,north
jerusalem,N31E034,Copernicus_DSM_COG_10_N31_00_E034_00_DEM,https://copernicus-dem-30m.s3.eu-central-1.amazonaws.com/Copernicus_DSM_COG_10_N31_00_E034_00_DEM/Copernicus_DSM_COG_10_N31_00_E034_00_DEM.tif,s3://copernicus-dem-30m/Copernicus_DSM_COG_10_N31_00_E034_00_DEM/Copernicus_DSM_COG_10_N31_00_E034_00_DEM.tif,Copernicus_DSM_COG_10_N31_00_E034_00_DEM.tif,34,31,35,32
jerusalem,N31E035,Copernicus_DSM_COG_10_N31_00_E035_00_DEM,https://copernicus-dem-30m.s3.eu-central-1.amazonaws.com/Copernicus_DSM_COG_10_N31_00_E035_00_DEM/Copernicus_DSM_COG_10_N31_00_E035_00_DEM.tif,s3://copernicus-dem-30m/Copernicus_DSM_COG_10_N31_00_E035_00_DEM/Copernicus_DSM_COG_10_N31_00_E035_00_DEM.tif,Copernicus_DSM_COG_10_N31_00_E035_00_DEM.tif,35,31,36,32
jerusalem,N32E034,Copernicus_DSM_COG_10_N32_00_E034_00_DEM,https://copernicus-dem-30m.s3.eu-central-1.amazonaws.com/Copernicus_DSM_COG_10_N32_00_E034_00_DEM/Copernicus_DSM_COG_10_N32_00_E034_00_DEM.tif,s3://copernicus-dem-30m/Copernicus_DSM_COG_10_N32_00_E034_00_DEM/Copernicus_DSM_COG_10_N32_00_E034_00_DEM.tif,Copernicus_DSM_COG_10_N32_00_E034_00_DEM.tif,34,32,35,33
jerusalem,N32E035,Copernicus_DSM_COG_10_N32_00_E035_00_DEM,https://copernicus-dem-30m.s3.eu-central-1.amazonaws.com/Copernicus_DSM_COG_10_N32_00_E035_00_DEM/Copernicus_DSM_COG_10_N32_00_E035_00_DEM.tif,s3://copernicus-dem-30m/Copernicus_DSM_COG_10_N32_00_E035_00_DEM/Copernicus_DSM_COG_10_N32_00_E035_00_DEM.tif,Copernicus_DSM_COG_10_N32_00_E035_00_DEM.tif,35,32,36,33
galilee,N32E034,Copernicus_DSM_COG_10_N32_00_E034_00_DEM,https://copernicus-dem-30m.s3.eu-central-1.amazonaws.com/Copernicus_DSM_COG_10_N32_00_E034_00_DEM/Copernicus_DSM_COG_10_N32_00_E034_00_DEM.tif,s3://copernicus-dem-30m/Copernicus_DSM_COG_10_N32_00_E034_00_DEM/Copernicus_DSM_COG_10_N32_00_E034_00_DEM.tif,Copernicus_DSM_COG_10_N32_00_E034_00_DEM.tif,34,32,35,33
galilee,N32E035,Copernicus_DSM_COG_10_N32_00_E035_00_DEM,https://copernicus-dem-30m.s3.eu-central-1.amazonaws.com/Copernicus_DSM_COG_10_N32_00_E035_00_DEM/Copernicus_DSM_COG_10_N32_00_E035_00_DEM.tif,s3://copernicus-dem-30m/Copernicus_DSM_COG_10_N32_00_E035_00_DEM/Copernicus_DSM_COG_10_N32_00_E035_00_DEM.tif,Copernicus_DSM_COG_10_N32_00_E035_00_DEM.tif,35,32,36,33
galilee,N32E036,Copernicus_DSM_COG_10_N32_00_E036_00_DEM,https://copernicus-dem-30m.s3.eu-central-1.amazonaws.com/Copernicus_DSM_COG_10_N32_00_E036_00_DEM/Copernicus_DSM_COG_10_N32_00_E036_00_DEM.tif,s3://copernicus-dem-30m/Copernicus_DSM_COG_10_N32_00_E036_00_DEM/Copernicus_DSM_COG_10_N32_00_E036_00_DEM.tif,Copernicus_DSM_COG_10_N32_00_E036_00_DEM.tif,36,32,37,33
galilee,N33E034,Copernicus_DSM_COG_10_N33_00_E034_00_DEM,https://copernicus-dem-30m.s3.eu-central-1.amazonaws.com/Copernicus_DSM_COG_10_N33_00_E034_00_DEM/Copernicus_DSM_COG_10_N33_00_E034_00_DEM.tif,s3://copernicus-dem-30m/Copernicus_DSM_COG_10_N33_00_E034_00_DEM/Copernicus_DSM_COG_10_N33_00_E034_00_DEM.tif,Copernicus_DSM_COG_10_N33_00_E034_00_DEM.tif,34,33,35,34
galilee,N33E035,Copernicus_DSM_COG_10_N33_00_E035_00_DEM,https://copernicus-dem-30m.s3.eu-central-1.amazonaws.com/Copernicus_DSM_COG_10_N33_00_E035_00_DEM/Copernicus_DSM_COG_10_N33_00_E035_00_DEM.tif,s3://copernicus-dem-30m/Copernicus_DSM_COG_10_N33_00_E035_00_DEM/Copernicus_DSM_COG_10_N33_00_E035_00_DEM.tif,Copernicus_DSM_COG_10_N33_00_E035_00_DEM.tif,35,33,36,34
galilee,N33E036,Copernicus_DSM_COG_10_N33_00_E036_00_DEM,https://copernicus-dem-30m.s3.eu-central-1.amazonaws.com/Copernicus_DSM_COG_10_N33_00_E036_00_DEM/Copernicus_DSM_COG_10_N33_00_E036_00_DEM.tif,s3://copernicus-dem-30m/Copernicus_DSM_COG_10_N33_00_E036_00_DEM/Copernicus_DSM_COG_10_N33_00_E036_00_DEM.tif,Copernicus_DSM_COG_10_N33_00_E036_00_DEM.tif,36,33,37,34
megiddo,N32E034,Copernicus_DSM_COG_10_N32_00_E034_00_DEM,https://copernicus-dem-30m.s3.eu-central-1.amazonaws.com/Copernicus_DSM_COG_10_N32_00_E034_00_DEM/Copernicus_DSM_COG_10_N32_00_E034_00_DEM.tif,s3://copernicus-dem-30m/Copernicus_DSM_COG_10_N32_00_E034_00_DEM/Copernicus_DSM_COG_10_N32_00_E034_00_DEM.tif,Copernicus_DSM_COG_10_N32_00_E034_00_DEM.tif,34,32,35,33
megiddo,N32E035,Copernicus_DSM_COG_10_N32_00_E035_00_DEM,https://copernicus-dem-30m.s3.eu-central-1.amazonaws.com/Copernicus_DSM_COG_10_N32_00_E035_00_DEM/Copernicus_DSM_COG_10_N32_00_E035_00_DEM.tif,s3://copernicus-dem-30m/Copernicus_DSM_COG_10_N32_00_E035_00_DEM/Copernicus_DSM_COG_10_N32_00_E035_00_DEM.tif,Copernicus_DSM_COG_10_N32_00_E035_00_DEM.tif,35,32,36,33
megiddo,N33E034,Copernicus_DSM_COG_10_N33_00_E034_00_DEM,https://copernicus-dem-30m.s3.eu-central-1.amazonaws.com/Copernicus_DSM_COG_10_N33_00_E034_00_DEM/Copernicus_DSM_COG_10_N33_00_E034_00_DEM.tif,s3://copernicus-dem-30m/Copernicus_DSM_COG_10_N33_00_E034_00_DEM/Copernicus_DSM_COG_10_N33_00_E034_00_DEM.tif,Copernicus_DSM_COG_10_N33_00_E034_00_DEM.tif,34,33,35,34
megiddo,N33E035,Copernicus_DSM_COG_10_N33_00_E035_00_DEM,https://copernicus-dem-30m.s3.eu-central-1.amazonaws.com/Copernicus_DSM_COG_10_N33_00_E035_00_DEM/Copernicus_DSM_COG_10_N33_00_E035_00_DEM.tif,s3://copernicus-dem-30m/Copernicus_DSM_COG_10_N33_00_E035_00_DEM/Copernicus_DSM_COG_10_N33_00_E035_00_DEM.tif,Copernicus_DSM_COG_10_N33_00_E035_00_DEM.tif,35,33,36,34
sinai,N27E032,Copernicus_DSM_COG_10_N27_00_E032_00_DEM,https://copernicus-dem-30m.s3.eu-central-1.amazonaws.com/Copernicus_DSM_COG_10_N27_00_E032_00_DEM/Copernicus_DSM_COG_10_N27_00_E032_00_DEM.tif,s3://copernicus-dem-30m/Copernicus_DSM_COG_10_N27_00_E032_00_DEM/Copernicus_DSM_COG_10_N27_00_E032_00_DEM.tif,Copernicus_DSM_COG_10_N27_00_E032_00_DEM.tif,32,27,33,28
sinai,N27E033,Copernicus_DSM_COG_10_N27_00_E033_00_DEM,https://copernicus-dem-30m.s3.eu-central-1.amazonaws.com/Copernicus_DSM_COG_10_N27_00_E033_00_DEM/Copernicus_DSM_COG_10_N27_00_E033_00_DEM.tif,s3://copernicus-dem-30m/Copernicus_DSM_COG_10_N27_00_E033_00_DEM/Copernicus_DSM_COG_10_N27_00_E033_00_DEM.tif,Copernicus_DSM_COG_10_N27_00_E033_00_DEM.tif,33,27,34,28
sinai,N27E034,Copernicus_DSM_COG_10_N27_00_E034_00_DEM,https://copernicus-dem-30m.s3.eu-central-1.amazonaws.com/Copernicus_DSM_COG_10_N27_00_E034_00_DEM/Copernicus_DSM_COG_10_N27_00_E034_00_DEM.tif,s3://copernicus-dem-30m/Copernicus_DSM_COG_10_N27_00_E034_00_DEM/Copernicus_DSM_COG_10_N27_00_E034_00_DEM.tif,Copernicus_DSM_COG_10_N27_00_E034_00_DEM.tif,34,27,35,28
sinai,N27E035,Copernicus_DSM_COG_10_N27_00_E035_00_DEM,https://copernicus-dem-30m.s3.eu-central-1.amazonaws.com/Copernicus_DSM_COG_10_N27_00_E035_00_DEM/Copernicus_DSM_COG_10_N27_00_E035_00_DEM.tif,s3://copernicus-dem-30m/Copernicus_DSM_COG_10_N27_00_E035_00_DEM/Copernicus_DSM_COG_10_N27_00_E035_00_DEM.tif,Copernicus_DSM_COG_10_N27_00_E035_00_DEM.tif,35,27,36,28
sinai,N28E032,Copernicus_DSM_COG_10_N28_00_E032_00_DEM,https://copernicus-dem-30m.s3.eu-central-1.amazonaws.com/Copernicus_DSM_COG_10_N28_00_E032_00_DEM/Copernicus_DSM_COG_10_N28_00_E032_00_DEM.tif,s3://copernicus-dem-30m/Copernicus_DSM_COG_10_N28_00_E032_00_DEM/Copernicus_DSM_COG_10_N28_00_E032_00_DEM.tif,Copernicus_DSM_COG_10_N28_00_E032_00_DEM.tif,32,28,33,29
sinai,N28E033,Copernicus_DSM_COG_10_N28_00_E033_00_DEM,https://copernicus-dem-30m.s3.eu-central-1.amazonaws.com/Copernicus_DSM_COG_10_N28_00_E033_00_DEM/Copernicus_DSM_COG_10_N28_00_E033_00_DEM.tif,s3://copernicus-dem-30m/Copernicus_DSM_COG_10_N28_00_E033_00_DEM/Copernicus_DSM_COG_10_N28_00_E033_00_DEM.tif,Copernicus_DSM_COG_10_N28_00_E033_00_DEM.tif,33,28,34,29
sinai,N28E034,Copernicus_DSM_COG_10_N28_00_E034_00_DEM,https://copernicus-dem-30m.s3.eu-central-1.amazonaws.com/Copernicus_DSM_COG_10_N28_00_E034_00_DEM/Copernicus_DSM_COG_10_N28_00_E034_00_DEM.tif,s3://copernicus-dem-30m/Copernicus_DSM_COG_10_N28_00_E034_00_DEM/Copernicus_DSM_COG_10_N28_00_E034_00_DEM.tif,Copernicus_DSM_COG_10_N28_00_E034_00_DEM.tif,34,28,35,29
sinai,N28E035,Copernicus_DSM_COG_10_N28_00_E035_00_DEM,https://copernicus-dem-30m.s3.eu-central-1.amazonaws.com/Copernicus_DSM_COG_10_N28_00_E035_00_DEM/Copernicus_DSM_COG_10_N28_00_E035_00_DEM.tif,s3://copernicus-dem-30m/Copernicus_DSM_COG_10_N28_00_E035_00_DEM/Copernicus_DSM_COG_10_N28_00_E035_00_DEM.tif,Copernicus_DSM_COG_10_N28_00_E035_00_DEM.tif,35,28,36,29
sinai,N29E032,Copernicus_DSM_COG_10_N29_00_E032_00_DEM,https://copernicus-dem-30m.s3.eu-central-1.amazonaws.com/Copernicus_DSM_COG_10_N29_00_E032_00_DEM/Copernicus_DSM_COG_10_N29_00_E032_00_DEM.tif,s3://copernicus-dem-30m/Copernicus_DSM_COG_10_N29_00_E032_00_DEM/Copernicus_DSM_COG_10_N29_00_E032_00_DEM.tif,Copernicus_DSM_COG_10_N29_00_E032_00_DEM.tif,32,29,33,30
sinai,N29E033,Copernicus_DSM_COG_10_N29_00_E033_00_DEM,https://copernicus-dem-30m.s3.eu-central-1.amazonaws.com/Copernicus_DSM_COG_10_N29_00_E033_00_DEM/Copernicus_DSM_COG_10_N29_00_E033_00_DEM.tif,s3://copernicus-dem-30m/Copernicus_DSM_COG_10_N29_00_E033_00_DEM/Copernicus_DSM_COG_10_N29_00_E033_00_DEM.tif,Copernicus_DSM_COG_10_N29_00_E033_00_DEM.tif,33,29,34,30
sinai,N29E034,Copernicus_DSM_COG_10_N29_00_E034_00_DEM,https://copernicus-dem-30m.s3.eu-central-1.amazonaws.com/Copernicus_DSM_COG_10_N29_00_E034_00_DEM/Copernicus_DSM_COG_10_N29_00_E034_00_DEM.tif,s3://copernicus-dem-30m/Copernicus_DSM_COG_10_N29_00_E034_00_DEM/Copernicus_DSM_COG_10_N29_00_E034_00_DEM.tif,Copernicus_DSM_COG_10_N29_00_E034_00_DEM.tif,34,29,35,30
sinai,N29E035,Copernicus_DSM_COG_10_N29_00_E035_00_DEM,https://copernicus-dem-30m.s3.eu-central-1.amazonaws.com/Copernicus_DSM_COG_10_N29_00_E035_00_DEM/Copernicus_DSM_COG_10_N29_00_E035_00_DEM.tif,s3://copernicus-dem-30m/Copernicus_DSM_COG_10_N29_00_E035_00_DEM/Copernicus_DSM_COG_10_N29_00_E035_00_DEM.tif,Copernicus_DSM_COG_10_N29_00_E035_00_DEM.tif,35,29,36,30
sinai,N30E032,Copernicus_DSM_COG_10_N30_00_E032_00_DEM,https://copernicus-dem-30m.s3.eu-central-1.amazonaws.com/Copernicus_DSM_COG_10_N30_00_E032_00_DEM/Copernicus_DSM_COG_10_N30_00_E032_00_DEM.tif,s3://copernicus-dem-30m/Copernicus_DSM_COG_10_N30_00_E032_00_DEM/Copernicus_DSM_COG_10_N30_00_E032_00_DEM.tif,Copernicus_DSM_COG_10_N30_00_E032_00_DEM.tif,32,30,33,31
sinai,N30E033,Copernicus_DSM_COG_10_N30_00_E033_00_DEM,https://copernicus-dem-30m.s3.eu-central-1.amazonaws.com/Copernicus_DSM_COG_10_N30_00_E033_00_DEM/Copernicus_DSM_COG_10_N30_00_E033_00_DEM.tif,s3://copernicus-dem-30m/Copernicus_DSM_COG_10_N30_00_E033_00_DEM/Copernicus_DSM_COG_10_N30_00_E033_00_DEM.tif,Copernicus_DSM_COG_10_N30_00_E033_00_DEM.tif,33,30,34,31
sinai,N30E034,Copernicus_DSM_COG_10_N30_00_E034_00_DEM,https://copernicus-dem-30m.s3.eu-central-1.amazonaws.com/Copernicus_DSM_COG_10_N30_00_E034_00_DEM/Copernicus_DSM_COG_10_N30_00_E034_00_DEM.tif,s3://copernicus-dem-30m/Copernicus_DSM_COG_10_N30_00_E034_00_DEM/Copernicus_DSM_COG_10_N30_00_E034_00_DEM.tif,Copernicus_DSM_COG_10_N30_00_E034_00_DEM.tif,34,30,35,31
sinai,N30E035,Copernicus_DSM_COG_10_N30_00_E035_00_DEM,https://copernicus-dem-30m.s3.eu-central-1.amazonaws.com/Copernicus_DSM_COG_10_N30_00_E035_00_DEM/Copernicus_DSM_COG_10_N30_00_E035_00_DEM.tif,s3://copernicus-dem-30m/Copernicus_DSM_COG_10_N30_00_E035_00_DEM/Copernicus_DSM_COG_10_N30_00_E035_00_DEM.tif,Copernicus_DSM_COG_10_N30_00_E035_00_DEM.tif,35,30,36,31
sinai,N31E032,Copernicus_DSM_COG_10_N31_00_E032_00_DEM,https://copernicus-dem-30m.s3.eu-central-1.amazonaws.com/Copernicus_DSM_COG_10_N31_00_E032_00_DEM/Copernicus_DSM_COG_10_N31_00_E032_00_DEM.tif,s3://copernicus-dem-30m/Copernicus_DSM_COG_10_N31_00_E032_00_DEM/Copernicus_DSM_COG_10_N31_00_E032_00_DEM.tif,Copernicus_DSM_COG_10_N31_00_E032_00_DEM.tif,32,31,33,32
sinai,N31E033,Copernicus_DSM_COG_10_N31_00_E033_00_DEM,https://copernicus-dem-30m.s3.eu-central-1.amazonaws.com/Copernicus_DSM_COG_10_N31_00_E033_00_DEM/Copernicus_DSM_COG_10_N31_00_E033_00_DEM.tif,s3://copernicus-dem-30m/Copernicus_DSM_COG_10_N31_00_E033_00_DEM/Copernicus_DSM_COG_10_N31_00_E033_00_DEM.tif,Copernicus_DSM_COG_10_N31_00_E033_00_DEM.tif,33,31,34,32
sinai,N31E034,Copernicus_DSM_COG_10_N31_00_E034_00_DEM,https://copernicus-dem-30m.s3.eu-central-1.amazonaws.com/Copernicus_DSM_COG_10_N31_00_E034_00_DEM/Copernicus_DSM_COG_10_N31_00_E034_00_DEM.tif,s3://copernicus-dem-30m/Copernicus_DSM_COG_10_N31_00_E034_00_DEM/Copernicus_DSM_COG_10_N31_00_E034_00_DEM.tif,Copernicus_DSM_COG_10_N31_00_E034_00_DEM.tif,34,31,35,32
sinai,N31E035,Copernicus_DSM_COG_10_N31_00_E035_00_DEM,https://copernicus-dem-30m.s3.eu-central-1.amazonaws.com/Copernicus_DSM_COG_10_N31_00_E035_00_DEM/Copernicus_DSM_COG_10_N31_00_E035_00_DEM.tif,s3://copernicus-dem-30m/Copernicus_DSM_COG_10_N31_00_E035_00_DEM/Copernicus_DSM_COG_10_N31_00_E035_00_DEM.tif,Copernicus_DSM_COG_10_N31_00_E035_00_DEM.tif,35,31,36,32
delta,N29E031,Copernicus_DSM_COG_10_N29_00_E031_00_DEM,https://copernicus-dem-30m.s3.eu-central-1.amazonaws.com/Copernicus_DSM_COG_10_N29_00_E031_00_DEM/Copernicus_DSM_COG_10_N29_00_E031_00_DEM.tif,s3://copernicus-dem-30m/Copernicus_DSM_COG_10_N29_00_E031_00_DEM/Copernicus_DSM_COG_10_N29_00_E031_00_DEM.tif,Copernicus_DSM_COG_10_N29_00_E031_00_DEM.tif,31,29,32,30
delta,N29E032,Copernicus_DSM_COG_10_N29_00_E032_00_DEM,https://copernicus-dem-30m.s3.eu-central-1.amazonaws.com/Copernicus_DSM_COG_10_N29_00_E032_00_DEM/Copernicus_DSM_COG_10_N29_00_E032_00_DEM.tif,s3://copernicus-dem-30m/Copernicus_DSM_COG_10_N29_00_E032_00_DEM/Copernicus_DSM_COG_10_N29_00_E032_00_DEM.tif,Copernicus_DSM_COG_10_N29_00_E032_00_DEM.tif,32,29,33,30
delta,N29E033,Copernicus_DSM_COG_10_N29_00_E033_00_DEM,https://copernicus-dem-30m.s3.eu-central-1.amazonaws.com/Copernicus_DSM_COG_10_N29_00_E033_00_DEM/Copernicus_DSM_COG_10_N29_00_E033_00_DEM.tif,s3://copernicus-dem-30m/Copernicus_DSM_COG_10_N29_00_E033_00_DEM/Copernicus_DSM_COG_10_N29_00_E033_00_DEM.tif,Copernicus_DSM_COG_10_N29_00_E033_00_DEM.tif,33,29,34,30
delta,N30E031,Copernicus_DSM_COG_10_N30_00_E031_00_DEM,https://copernicus-dem-30m.s3.eu-central-1.amazonaws.com/Copernicus_DSM_COG_10_N30_00_E031_00_DEM/Copernicus_DSM_COG_10_N30_00_E031_00_DEM.tif,s3://copernicus-dem-30m/Copernicus_DSM_COG_10_N30_00_E031_00_DEM/Copernicus_DSM_COG_10_N30_00_E031_00_DEM.tif,Copernicus_DSM_COG_10_N30_00_E031_00_DEM.tif,31,30,32,31
delta,N30E032,Copernicus_DSM_COG_10_N30_00_E032_00_DEM,https://copernicus-dem-30m.s3.eu-central-1.amazonaws.com/Copernicus_DSM_COG_10_N30_00_E032_00_DEM/Copernicus_DSM_COG_10_N30_00_E032_00_DEM.tif,s3://copernicus-dem-30m/Copernicus_DSM_COG_10_N30_00_E032_00_DEM/Copernicus_DSM_COG_10_N30_00_E032_00_DEM.tif,Copernicus_DSM_COG_10_N30_00_E032_00_DEM.tif,32,30,33,31
delta,N30E033,Copernicus_DSM_COG_10_N30_00_E033_00_DEM,https://copernicus-dem-30m.s3.eu-central-1.amazonaws.com/Copernicus_DSM_COG_10_N30_00_E033_00_DEM/Copernicus_DSM_COG_10_N30_00_E033_00_DEM.tif,s3://copernicus-dem-30m/Copernicus_DSM_COG_10_N30_00_E033_00_DEM/Copernicus_DSM_COG_10_N30_00_E033_00_DEM.tif,Copernicus_DSM_COG_10_N30_00_E033_00_DEM.tif,33,30,34,31
delta,N31E031,Copernicus_DSM_COG_10_N31_00_E031_00_DEM,https://copernicus-dem-30m.s3.eu-central-1.amazonaws.com/Copernicus_DSM_COG_10_N31_00_E031_00_DEM/Copernicus_DSM_COG_10_N31_00_E031_00_DEM.tif,s3://copernicus-dem-30m/Copernicus_DSM_COG_10_N31_00_E031_00_DEM/Copernicus_DSM_COG_10_N31_00_E031_00_DEM.tif,Copernicus_DSM_COG_10_N31_00_E031_00_DEM.tif,31,31,32,32
delta,N31E032,Copernicus_DSM_COG_10_N31_00_E032_00_DEM,https://copernicus-dem-30m.s3.eu-central-1.amazonaws.com/Copernicus_DSM_COG_10_N31_00_E032_00_DEM/Copernicus_DSM_COG_10_N31_00_E032_00_DEM.tif,s3://copernicus-dem-30m/Copernicus_DSM_COG_10_N31_00_E032_00_DEM/Copernicus_DSM_COG_10_N31_00_E032_00_DEM.tif,Copernicus_DSM_COG_10_N31_00_E032_00_DEM.tif,32,31,33,32
delta,N31E033,Copernicus_DSM_COG_10_N31_00_E033_00_DEM,https://copernicus-dem-30m.s3.eu-central-1.amazonaws.com/Copernicus_DSM_COG_10_N31_00_E033_00_DEM/Copernicus_DSM_COG_10_N31_00_E033_00_DEM.tif,s3://copernicus-dem-30m/Copernicus_DSM_COG_10_N31_00_E033_00_DEM/Copernicus_DSM_COG_10_N31_00_E033_00_DEM.tif,Copernicus_DSM_COG_10_N31_00_E033_00_DEM.tif,33,31,34,32
